{"cameraMode":{"drawMode":0,"name":"Shaded","section":"Shading Mode"},"sceneLighting":false,"audioPlay":false,"sceneViewState":{"m_AlwaysRefresh":false,"showFog":true,"showSkybox":false,"showFlares":true,"showImageEffects":true,"showParticleSystems":true,"showVisualEffectGraphs":true,"m_FxEnabled":true},"in2DMode":false,"pivot":{"x":0.03623092174530029,"y":-0.17052598297595979,"z":-0.0332154780626297},"rotation":{"x":-0.05877641215920448,"y":0.0026772734709084036,"z":-0.0001446646492695436,"w":-0.9982801079750061},"size":0.8660253882408142,"orthographic":false}